1,Bulbizarre,Bulbasaur,plante,poison,grass,poison
2,Herbizarre,Ivysaur,plante,poison,grass,poison
3,Florizarre,Venusaur,plante,poison,grass,poison
4,Salamèche,Charmander,feu,,fire,
5,Reptincel,Charmeleon,feu,,fire,
6,Dracaufeu,Charizard,feu,vol,fire,flying
7,Carapuce,Squirtle,eau,,water,
8,Carabaffe,Wartortle,eau,,water,
9,Tortank,Blastoise,eau,,water,
10,Chenipan,Caterpie,insecte,,bug,
11,Chrysacier,Metapod,insecte,,bug,
12,Papilusion,Butterfree,insecte,vol,bug,flying
13,Aspicot,Weedle,insecte,poison,bug,poison
14,Coconfort,Kakuna,insecte,poison,bug,poison
15,Dardargnan,Beedrill,insecte,poison,bug,poison
16,Roucool,Pidgey,normal,vol,normal,flying
17,Roucoups,Pidgeotto,normal,vol,normal,flying
18,Roucarnage,Pidgeot,normal,vol,normal,flying
19,Rattata,Rattata,normal,,normal,
19,Rattata d'Alola,Alolan Rattata,normal,ténèbres,normal,dark
20,Rattatac,Raticate,normal,,normal,
20,Rattatac d'Alola,Alolan Raticate,normal,ténèbres,normal,dark
21,Piafabec,Spearow,normal,vol,normal,flying
22,Rapasdepic,Fearow,normal,vol,normal,flying
23,Abo,Ekans,poison,,poison,
24,Arbok,Arbok,poison,,poison,
25,Pikachu,Pikachu,électrique,,electric,
26,Raichu,Raichu,électrique,,electric,
26,Raichu d'Alola,Alolan Raichu,électrique,psy,electric,psychic
27,Sabelette,Sandshrew,sol,,ground,
27,Sabelette d'Alola,Alolan Sandshrew,sol,glace,ground,ice
28,Sablaireau,Sandslash,sol,,ground,
28,Sablaireau d'Alola,Alolan Sandslash,sol,glace,ground,ice
29,Nidoran♀,Nidoran♀,poison,,poison,
30,Nidorina,Nidorina,poison,,poison,
31,Nidoqueen,Nidoqueen,poison,sol,poison,ground
32,Nidoran♂,Nidoran♂,poison,,poison,
33,Nidorino,Nidorino,poison,,poison,
34,Nidoking,Nidoking,poison,sol,poison,ground
35,Mélofée,Clefairy,fée,,fairy,
36,Mélodelfe,Clefable,fée,,fairy,
37,Goupix,Vulpix,feu,,fire,
37,Goupix d'Alola,Alolan Vulpix,feu,glace,fire,ice
38,Feunard,Ninetales,feu,,fire,
38,Feunard d'Alola,Alolan Ninetales,feu,glace,fire,ice
39,Rondoudou,Jigglypuff,normal,fée,normal,fairy
40,Grodoudou,Wigglytuff,normal,fée,normal,fairy
41,Nosferapti,Zubat,poison,vol,poison,flying
42,Nosferalto,Golbat,poison,vol,poison,flying
43,Mystherbe,Oddish,plante,poison,grass,poison
44,Ortide,Gloom,plante,poison,grass,poison
45,Rafflesia,Vileplume,plante,poison,grass,poison
46,Paras,Paras,insecte,plante,bug,grass
47,Parasect,Parasect,insecte,plante,bug,grass
48,Mimitoss,Venonat,insecte,poison,bug,poison
49,Aéromite,Venomoth,insecte,poison,bug,poison
50,Taupiqueur,Diglett,sol,,ground,
50,Taupiqueur d'Alola,Alolan Diglett,sol,acier,ground,steel
51,Triopikeur,Dugtrio,sol,,ground,
51,Triopikeur d'Alola,Alolan Dugtrio,sol,acier,ground,steel
52,Miaouss,Meowth,normal,,normal,
52,Miaouss d'Alola,Alolan Meowth,ténèbres,,dark,
52,Miaouss de Galar,Galarian Meowth,acier,,steel,
53,Persian,Persian,normal,,normal,
53,Persian d'Alola,Alolan Persian,ténèbres,,dark,
54,Psykokwak,Psyduck,eau,,water,
55,Akwakwak,Golduck,eau,,water,
56,Férosinge,Mankey,combat,,fighting,
57,Colossinge,Primeape,combat,,fighting,
58,Caninos,Growlithe,feu,,fire,
59,Arcanin,Arcanine,feu,,fire,
60,Ptitard,Poliwag,eau,,water,
61,Têtarte,Poliwhirl,eau,,water,
62,Tartard,Poliwrath,eau,combat,water,fighting
63,Abra,Abra,psy,,psychic,
64,Kadabra,Kadabra,psy,,psychic,
65,Alakazam,Alakazam,psy,,psychic,
66,Machoc,Machop,combat,,fighting,
67,Machopeur,Machoke,combat,,fighting,
68,Mackogneur,Machamp,combat,,fighting,
69,Chétiflor,Bellsprout,plante,poison,grass,poison
70,Boustiflor,Weepinbell,plante,poison,grass,poison
71,Empiflor,Victreebel,plante,poison,grass,poison
72,Tentacool,Tentacool,eau,poison,water,poison
73,Tentacruel,Tentacruel,eau,poison,water,poison
74,Racaillou,Geodude,roche,sol,rock,ground
74,Racaillou d'Alola,Alolan Geodude,roche,électrique,rock,electric
75,Gravalanch,Graveler,roche,sol,rock,ground
75,Gravalanch d'Alola,Alolan Graveler,roche,électrique,rock,electric
76,Grolem,Golem,roche,sol,rock,ground
76,Grolem d'Alola,Alolan Golem,roche,électrique,rock,electric
77,Ponyta,Ponyta,feu,,fire,
77,Ponyta de Galar,Galarian Ponyta,psy,,psychic,
78,Galopa,Rapidash,feu,,fire,
78,Galopa de Galar,Galarian Rapidash,psy,,psychic,
79,Ramoloss,Slowpoke,eau,psy,water,psychic
79,Ramoloss de Galar,Galarian Slowpoke,psy,,psychic,
80,Flagadoss,Slowbro,eau,psy,water,psychic
80,Flagadoss de Galar,Galarian Slowbro,poison,psy,poison,psychic
81,Magnéti,Magnemite,électrique,acier,electric,steel
82,Magnéton,Magneton,électrique,acier,electric,steel
83,Canarticho,Farfetch'd,normal,vol,normal,flying
83,Canarticho de Galar,Galarian Farfetch'd,combat,,fighting,
84,Doduo,Doduo,normal,vol,normal,flying
85,Dodrio,Dodrio,normal,vol,normal,flying
86,Otaria,Seel,eau,,water,
87,Lamantine,Dewgong,eau,glace,water,ice
88,Tadmorv,Grimer,poison,,poison,
88,Tadmorv d'Alola,Alolan Grimer,poison,ténèbres,poison,dark
89,Grotadmorv,Muk,poison,,poison,
89,Grotadmorv d'Alola,Alolan Muk,poison,ténèbres,poison,dark
90,Kokiyas,Shellder,eau,,water,
91,Crustabri,Cloyster,eau,glace,water,ice
92,Fantominus,Gastly,spectre,poison,ghost,poison
93,Spectrum,Haunter,spectre,poison,ghost,poison
94,Ectoplasma,Gengar,spectre,poison,ghost,poison
95,Onix,Onix,roche,sol,rock,ground
96,Soporifik,Drowzee,psy,,psychic,
97,Hypnomade,Hypno,psy,,psychic,
98,Krabby,Krabby,eau,,water,
99,Krabboss,Kingler,eau,,water,
100,Voltorbe,Voltorb,électrique,,electric,
101,Électrode,Electrode,électrique,,electric,
102,Noeunoeuf,Exeggcute,plante,psy,grass,psychic
103,Noadkoko,Exeggutor,plante,psy,grass,psychic
103,Noadkoko d'Alola,Alolan Exeggutor,plante,dragon,grass,dragon
104,Osselait,Cubone,sol,,ground,
105,Ossatueur,Marowak,sol,,ground,
105,Ossatueur d'Alola,Alolan Marowak,feu,spectre,fire,ghost
106,Kicklee,Hitmonlee,combat,,fighting,
107,Tygnon,Hitmonchan,combat,,fighting,
108,Excelangue,Lickitung,normal,,normal,
109,Smogo,Koffing,poison,,poison,
110,Smogogo,Weezing,poison,,poison,
110,Smogogo de Galar,Galarian Weezing,poison,fée,poison,fairy
111,Rhinocorne,Rhyhorn,sol,roche,ground,rock
112,Rhinoféros,Rhydon,sol,roche,ground,rock
113,Leveinard,Chansey,normal,,normal,
114,Saquedeneu,Tangela,plante,,grass,
115,Kangourex,Kangaskhan,normal,,normal,
116,Hypotrempe,Horsea,eau,,water,
117,Hypocéan,Seadra,eau,,water,
118,Poissirène,Goldeen,eau,,water,
119,Poissoroy,Seaking,eau,,water,
120,Stari,Staryu,eau,,water,
121,Staross,Starmie,eau,psy,water,psychic
122,M. Mime,Mr. Mime,psy,fée,psychic,fairy
122,M. Mime de Galar,Galarian Mr. Mime,glace,psy,ice,psychic
123,Insécateur,Scyther,insecte,vol,bug,flying
124,Lippoutou,Jynx,glace,psy,ice,psychic
125,Élektek,Electabuzz,électrique,,electric,
126,Magmar,Magmar,feu,,fire,
127,Scarabrute,Pinsir,insecte,,bug,
128,Tauros,Tauros,normal,,normal,
129,Magicarpe,Magikarp,eau,,water,
130,Léviator,Gyarados,eau,vol,water,flying
131,Lokhlass,Lapras,eau,glace,water,ice
132,Métamorph,Ditto,normal,,normal,
133,Évoli,Eevee,normal,,normal,
134,Aquali,Vaporeon,eau,,water,
135,Voltali,Jolteon,électrique,,electric,
136,Pyroli,Flareon,feu,,fire,
137,Porygon,Porygon,normal,,normal,
138,Amonita,Omanyte,roche,eau,rock,water
139,Amonistar,Omastar,roche,eau,rock,water
140,Kabuto,Kabuto,roche,eau,rock,water
141,Kabutops,Kabutops,roche,eau,rock,water
142,Ptéra,Aerodactyl,roche,vol,rock,flying
143,Ronflex,Snorlax,normal,,normal,
144,Artikodin,Articuno,glace,vol,ice,flying
144,Artikodin de Galar,Galarian Articuno,psy,vol,psychic,flying
145,Électhor,Zapdos,électrique,vol,electric,flying
145,Électhor de Galar,Galarian Zapdos,combat,vol,fighting,flying
146,Sulfura,Moltres,feu,vol,fire,flying
146,Sulfura de Galar,Galarian Moltres,ténèbres,vol,dark,flying
147,Minidraco,Dratini,dragon,,dragon,
148,Draco,Dragonair,dragon,,dragon,
149,Dracolosse,Dragonite,dragon,vol,dragon,flying
150,Mewtwo,Mewtwo,psy,,psychic,
151,Mew,Mew,psy,,psychic,
152,Germignon,Chikorita,plante,,grass,
153,Macronium,Bayleef,plante,,grass,
154,Méganium,Meganium,plante,,grass,
155,Héricendre,Cyndaquil,feu,,fire,
156,Feurisson,Quilava,feu,,fire,
157,Typhlosion,Typhlosion,feu,,fire,
158,Kaiminus,Totodile,eau,,water,
159,Crocrodil,Croconaw,eau,,water,
160,Aligatueur,Feraligatr,eau,,water,
161,Fouinette,Sentret,normal,,normal,
162,Fouinar,Furret,normal,,normal,
163,Hoothoot,Hoothoot,normal,vol,normal,flying
164,Noarfang,Noctowl,normal,vol,normal,flying
165,Coxy,Ledyba,insecte,vol,bug,flying
166,Coxyclaque,Ledian,insecte,vol,bug,flying
167,Mimigal,Spinarak,insecte,poison,bug,poison
168,Migalos,Ariados,insecte,poison,bug,poison
169,Nostenfer,Crobat,poison,vol,poison,flying
170,Loupio,Chinchou,eau,électrique,water,electric
171,Lanturn,Lanturn,eau,électrique,water,electric
172,Pichu,Pichu,électrique,,electric,
173,Mélo,Cleffa,fée,,fairy,
174,Toudoudou,Igglybuff,normal,fée,normal,fairy
175,Togepi,Togepi,fée,,fairy,
176,Togetic,Togetic,fée,vol,fairy,flying
177,Natu,Natu,psy,vol,psychic,flying
178,Xatu,Xatu,psy,vol,psychic,flying
179,Wattouat,Mareep,électrique,,electric,
180,Lainergie,Flaaffy,électrique,,electric,
181,Pharamp,Ampharos,électrique,,electric,
182,Joliflor,Bellossom,plante,,grass,
183,Marill,Marill,eau,fée,water,fairy
184,Azumarill,Azumarill,eau,fée,water,fairy
185,Simularbre,Sudowoodo,roche,,rock,
186,Tarpaud,Politoed,eau,,water,
187,Granivol,Hoppip,plante,vol,grass,flying
188,Floravol,Skiploom,plante,vol,grass,flying
189,Cotovol,Jumpluff,plante,vol,grass,flying
190,Capumain,Aipom,normal,,normal,
191,Tournegrin,Sunkern,plante,,grass,
192,Héliatronc,Sunflora,plante,,grass,
193,Yanma,Yanma,insecte,vol,bug,flying
194,Axoloto,Wooper,eau,sol,water,ground
195,Maraiste,Quagsire,eau,sol,water,ground
196,Mentali,Espeon,psy,,psychic,
197,Noctali,Umbreon,ténèbres,,dark,
198,Cornèbre,Murkrow,ténèbres,vol,dark,flying
199,Roigada,Slowking,eau,psy,water,psychic
199,Roigada de Galar,Galarian Slowking,poison,psy,poison,psychic
200,Feuforêve,Misdreavus,spectre,,ghost,
201,Zarbi,Unown,psy,,psychic,
202,Qulbutoké,Wobbuffet,psy,,psychic,
203,Girafarig,Girafarig,normal,psy,normal,psychic
204,Pomdepik,Pineco,insecte,,bug,
205,Foretress,Forretress,insecte,acier,bug,steel
206,Insolourdo,Dunsparce,normal,,normal,
207,Scorplane,Gligar,sol,vol,ground,flying
208,Steelix,Steelix,acier,sol,steel,ground
209,Snubbull,Snubbull,fée,,fairy,
210,Granbull,Granbull,fée,,fairy,
211,Qwilfish,Qwilfish,eau,poison,water,poison
212,Cizayox,Scizor,insecte,acier,bug,steel
213,Caratroc,Shuckle,insecte,roche,bug,rock
214,Scarhino,Heracross,insecte,combat,bug,fighting
215,Farfuret,Sneasel,ténèbres,glace,dark,ice
216,Teddiursa,Teddiursa,normal,,normal,
217,Ursaring,Ursaring,normal,,normal,
218,Limagma,Slugma,feu,,fire,
219,Volcaropod,Magcargo,feu,roche,fire,rock
220,Marcacrin,Swinub,glace,sol,ice,ground
221,Cochignon,Piloswine,glace,sol,ice,ground
222,Corayon,Corsola,eau,roche,water,rock
222,Corayon de Galar,Galarian Corsola,spectre,,ghost,
223,Rémoraid,Remoraid,eau,,water,
224,Octillery,Octillery,eau,,water,
225,Cadoizo,Delibird,glace,vol,ice,flying
226,Démanta,Mantine,eau,vol,water,flying
227,Airmure,Skarmory,acier,vol,steel,flying
228,Malosse,Houndour,ténèbres,feu,dark,fire
229,Démolosse,Houndoom,ténèbres,feu,dark,fire
230,Hyporoi,Kingdra,eau,dragon,water,dragon
231,Phanpy,Phanpy,sol,,ground,
232,Donphan,Donphan,sol,,ground,
233,Porygon2,Porygon2,normal,,normal,
234,Cerfrousse,Stantler,normal,,normal,
235,Queulorior,Smeargle,normal,,normal,
236,Debugant,Tyrogue,combat,,fighting,
237,Kapoera,Hitmontop,combat,,fighting,
238,Lippouti,Smoochum,glace,psy,ice,psychic
239,Élekid,Elekid,électrique,,electric,
240,Magby,Magby,feu,,fire,
241,Écrémeuh,Miltank,normal,,normal,
242,Leuphorie,Blissey,normal,,normal,
243,Raikou,Raikou,électrique,,electric,
244,Entei,Entei,feu,,fire,
245,Suicune,Suicune,eau,,water,
246,Embrylex,Larvitar,roche,sol,rock,ground
247,Ymphect,Pupitar,roche,sol,rock,ground
248,Tyranocif,Tyranitar,roche,ténèbres,rock,dark
249,Lugia,Lugia,psy,vol,psychic,flying
250,Ho-Oh,Ho-Oh,feu,vol,fire,flying
251,Celebi,Celebi,psy,plante,psychic,grass
252,Arcko,Treecko,plante,,grass,
253,Massko,Grovyle,plante,,grass,
254,Jungko,Sceptile,plante,,grass,
255,Poussifeu,Torchic,feu,,fire,
256,Galifeu,Combusken,feu,combat,fire,fighting
257,Braségali,Blaziken,feu,combat,fire,fighting
258,Gobou,Mudkip,eau,,water,
259,Flobio,Marshtomp,eau,sol,water,ground
260,Laggron,Swampert,eau,sol,water,ground
261,Medhyèna,Poochyena,ténèbres,,dark,
262,Grahyèna,Mightyena,ténèbres,,dark,
263,Zigzaton,Zigzagoon,normal,,normal,
263,Zigzaton de Galar,Galarian Zigzagoon,ténèbres,normal,dark,normal
264,Linéon,Linoone,normal,,normal,
264,Linéon de Galar,Galarian Linoone,ténèbres,normal,dark,normal
265,Chenipotte,Wurmple,insecte,,bug,
266,Armulys,Silcoon,insecte,,bug,
267,Charmillon,Beautifly,insecte,vol,bug,flying
268,Blindalys,Cascoon,insecte,,bug,
269,Papinox,Dustox,insecte,poison,bug,poison
270,Nénupiot,Lotad,eau,plante,water,grass
271,Lombre,Lombre,eau,plante,water,grass
272,Ludicolo,Ludicolo,eau,plante,water,grass
273,Grainipiot,Seedot,plante,,grass,
274,Pifeuil,Nuzleaf,plante,ténèbres,grass,dark
275,Tengalice,Shiftry,plante,ténèbres,grass,dark
276,Nirondelle,Taillow,normal,vol,normal,flying
277,Hélédelle,Swellow,normal,vol,normal,flying
278,Goélise,Wingull,eau,vol,water,flying
279,Bekipan,Pelipper,eau,vol,water,flying
280,Tarsal,Ralts,psy,fée,psychic,fairy
281,Kirlia,Kirlia,psy,fée,psychic,fairy
282,Gardevoir,Gardevoir,psy,fée,psychic,fairy
283,Arakdo,Surskit,insecte,eau,bug,water
284,Maskadra,Masquerain,insecte,vol,bug,flying
285,Balignon,Shroomish,plante,,grass,
286,Chapignon,Breloom,plante,combat,grass,fighting
287,Parecool,Slakoth,normal,,normal,
288,Vigoroth,Vigoroth,normal,,normal,
289,Monaflèmit,Slaking,normal,,normal,
290,Ningale,Nincada,insecte,sol,bug,ground
291,Ninjask,Ninjask,insecte,vol,bug,flying
292,Munja,Shedinja,insecte,spectre,bug,ghost
293,Chuchmur,Whismur,normal,,normal,
294,Ramboum,Loudred,normal,,normal,
295,Brouhabam,Exploud,normal,,normal,
296,Makuhita,Makuhita,combat,,fighting,
297,Hariyama,Hariyama,combat,,fighting,
298,Azurill,Azurill,normal,fée,normal,fairy
299,Tarinor,Nosepass,roche,,rock,
300,Skitty,Skitty,normal,,normal,
301,Delcatty,Delcatty,normal,,normal,
302,Ténéfix,Sableye,ténèbres,spectre,dark,ghost
303,Mysdibule,Mawile,acier,fée,steel,fairy
304,Galekid,Aron,acier,roche,steel,rock
305,Galegon,Lairon,acier,roche,steel,rock
306,Galeking,Aggron,acier,roche,steel,rock
307,Méditikka,Meditite,combat,psy,fighting,psychic
308,Charmina,Medicham,combat,psy,fighting,psychic
309,Dynavolt,Electrike,électrique,,electric,
310,Élecsprint,Manectric,électrique,,electric,
311,Posipi,Plusle,électrique,,electric,
312,Négapi,Minun,électrique,,electric,
313,Muciole,Volbeat,insecte,,bug,
314,Lumivole,Illumise,insecte,,bug,
315,Rosélia,Roselia,plante,poison,grass,poison
316,Gloupti,Gulpin,poison,,poison,
317,Avaltout,Swalot,poison,,poison,
318,Carvanha,Carvanha,eau,ténèbres,water,dark
319,Sharpedo,Sharpedo,eau,ténèbres,water,dark
320,Wailmer,Wailmer,eau,,water,
321,Wailord,Wailord,eau,,water,
322,Chamallot,Numel,feu,sol,fire,ground
323,Camérupt,Camerupt,feu,sol,fire,ground
324,Chartor,Torkoal,feu,,fire,
325,Spoink,Spoink,psy,,psychic,
326,Groret,Grumpig,psy,,psychic,
327,Spinda,Spinda,normal,,normal,
328,Kraknoix,Trapinch,sol,,ground,
329,Vibraninf,Vibrava,sol,dragon,ground,dragon
330,Libégon,Flygon,sol,dragon,ground,dragon
331,Cacnea,Cacnea,plante,,grass,
332,Cacturne,Cacturne,plante,ténèbres,grass,dark
333,Tylton,Swablu,normal,vol,normal,flying
334,Altaria,Altaria,dragon,vol,dragon,flying
335,Mangriff,Zangoose,normal,,normal,
336,Séviper,Seviper,poison,,poison,
337,Séléroc,Lunatone,roche,psy,rock,psychic
338,Solaroc,Solrock,roche,psy,rock,psychic
339,Barloche,Barboach,eau,sol,water,ground
340,Barbicha,Whiscash,eau,sol,water,ground
341,Écrapince,Corphish,eau,,water,
342,Colhomard,Crawdaunt,eau,ténèbres,water,dark
343,Balbuto,Baltoy,sol,psy,ground,psychic
344,Kaorine,Claydol,sol,psy,ground,psychic
345,Lilia,Lileep,roche,plante,rock,grass
346,Vacilys,Cradily,roche,plante,rock,grass
347,Anorith,Anorith,roche,insecte,rock,bug
348,Armaldo,Armaldo,roche,insecte,rock,bug
349,Barpau,Feebas,eau,,water,
350,Milobellus,Milotic,eau,,water,
351,Morphéo,Castform,normal,feu,normal,fire
352,Kecleon,Kecleon,normal,,normal,
353,Polichombr,Shuppet,spectre,,ghost,
354,Branette,Banette,spectre,,ghost,
355,Skelénox,Duskull,spectre,,ghost,
356,Téraclope,Dusclops,spectre,,ghost,
357,Tropius,Tropius,plante,vol,grass,flying
358,Éoko,Chimecho,psy,,psychic,
359,Absol,Absol,ténèbres,,dark,
360,Okéoké,Wynaut,psy,,psychic,
361,Stalgamin,Snorunt,glace,,ice,
362,Oniglali,Glalie,glace,,ice,
363,Obalie,Spheal,glace,eau,ice,water
364,Phogleur,Sealeo,glace,eau,ice,water
365,Kaimorse,Walrein,glace,eau,ice,water
366,Coquiperl,Clamperl,eau,,water,
367,Serpang,Huntail,eau,,water,
368,Rosabyss,Gorebyss,eau,,water,
369,Relicanth,Relicanth,eau,roche,water,rock
370,Lovdisc,Luvdisc,eau,,water,
371,Draby,Bagon,dragon,,dragon,
372,Drackhaus,Shelgon,dragon,,dragon,
373,Drattak,Salamence,dragon,vol,dragon,flying
374,Terhal,Beldum,acier,psy,steel,psychic
375,Métang,Metang,acier,psy,steel,psychic
376,Métalosse,Metagross,acier,psy,steel,psychic
377,Regirock,Regirock,roche,,rock,
378,Regice,Regice,glace,,ice,
379,Registeel,Registeel,acier,,steel,
380,Latias,Latias,dragon,psy,dragon,psychic
381,Latios,Latios,dragon,psy,dragon,psychic
382,Kyogre,Kyogre,eau,,water,
383,Groudon,Groudon,sol,,ground,
384,Rayquaza,Rayquaza,dragon,vol,dragon,flying
385,Jirachi,Jirachi,acier,psy,steel,psychic
386,Deoxys,Deoxys,psy,,psychic,
387,Tortipouss,Turtwig,plante,,grass,
388,Boskara,Grotle,plante,,grass,
389,Torterra,Torterra,plante,sol,grass,ground
390,Ouisticram,Chimchar,feu,,fire,
391,Chimpenfeu,Monferno,feu,combat,fire,fighting
392,Simiabraz,Infernape,feu,combat,fire,fighting
393,Tiplouf,Piplup,eau,,water,
394,Prinplouf,Prinplup,eau,,water,
395,Pingoléon,Empoleon,eau,acier,water,steel
396,Étourmi,Starly,normal,vol,normal,flying
397,Étourvol,Staravia,normal,vol,normal,flying
398,Étouraptor,Staraptor,normal,vol,normal,flying
399,Keunotor,Bidoof,normal,,normal,
400,Castorno,Bibarel,normal,eau,normal,water
401,Crikzik,Kricketot,insecte,,bug,
402,Mélokrik,Kricketune,insecte,,bug,
403,Lixy,Shinx,électrique,,electric,
404,Luxio,Luxio,électrique,,electric,
405,Luxray,Luxray,électrique,,electric,
406,Rozbouton,Budew,plante,poison,grass,poison
407,Roserade,Roserade,plante,poison,grass,poison
408,Kranidos,Cranidos,roche,,rock,
409,Charkos,Rampardos,roche,,rock,
410,Dinoclier,Shieldon,roche,acier,rock,steel
411,Bastiodon,Bastiodon,roche,acier,rock,steel
412,Cheniti,Burmy,insecte,,bug,
413,Cheniselle,Wormadam,insecte,plante,bug,grass
414,Papilord,Mothim,insecte,vol,bug,flying
415,Apitrini,Combee,insecte,vol,bug,flying
416,Apireine,Vespiquen,insecte,vol,bug,flying
417,Pachirisu,Pachirisu,électrique,,electric,
418,Mustébouée,Buizel,eau,,water,
419,Mustéflott,Floatzel,eau,,water,
420,Ceribou,Cherubi,plante,,grass,
421,Ceriflor,Cherrim,plante,,grass,
422,Sancoki,Shellos,eau,,water,
423,Tritosor,Gastrodon,eau,sol,water,ground
424,Capidextre,Ambipom,normal,,normal,
425,Baudrive,Drifloon,spectre,vol,ghost,flying
426,Grodrive,Drifblim,spectre,vol,ghost,flying
427,Laporeille,Buneary,normal,,normal,
428,Lockpin,Lopunny,normal,,normal,
429,Magirêve,Mismagius,spectre,,ghost,
430,Corboss,Honchkrow,ténèbres,vol,dark,flying
431,Chaglam,Glameow,normal,,normal,
432,Chaffreux,Purugly,normal,,normal,
433,Korillon,Chingling,psy,,psychic,
434,Moufouette,Stunky,poison,ténèbres,poison,dark
435,Moufflair,Skuntank,poison,ténèbres,poison,dark
436,Archéomire,Bronzor,acier,psy,steel,psychic
437,Archéodong,Bronzong,acier,psy,steel,psychic
438,Manzaï,Bonsly,roche,,rock,
439,Mime Jr.,Mime Jr.,psy,fée,psychic,fairy
440,Ptiravi,Happiny,normal,,normal,
441,Pijako,Chatot,normal,vol,normal,flying
442,Spiritomb,Spiritomb,spectre,ténèbres,ghost,dark
443,Griknot,Gible,dragon,sol,dragon,ground
444,Carmache,Gabite,dragon,sol,dragon,ground
445,Carchacrok,Garchomp,dragon,sol,dragon,ground
446,Goinfrex,Munchlax,normal,,normal,
447,Riolu,Riolu,combat,,fighting,
448,Lucario,Lucario,combat,acier,fighting,steel
449,Hippopotas,Hippopotas,sol,,ground,
450,Hippodocus,Hippowdon,sol,,ground,
451,Rapion,Skorupi,poison,insecte,poison,bug
452,Drascore,Drapion,poison,ténèbres,poison,dark
453,Cradopaud,Croagunk,poison,combat,poison,fighting
454,Coatox,Toxicroak,poison,combat,poison,fighting
455,Vortente,Carnivine,plante,,grass,
456,Écayon,Finneon,eau,,water,
457,Luminéon,Lumineon,eau,,water,
458,Babimanta,Mantyke,eau,vol,water,flying
459,Blizzi,Snover,plante,glace,grass,ice
460,Blizzaroi,Abomasnow,plante,glace,grass,ice
461,Dimoret,Weavile,ténèbres,glace,dark,ice
462,Magnézone,Magnezone,électrique,acier,electric,steel
463,Coudlangue,Lickilicky,normal,,normal,
464,Rhinastoc,Rhyperior,sol,roche,ground,rock
465,Bouldeneu,Tangrowth,plante,,grass,
466,Élekable,Electivire,électrique,,electric,
467,Maganon,Magmortar,feu,,fire,
468,Togekiss,Togekiss,fée,vol,fairy,flying
469,Yanmega,Yanmega,insecte,vol,bug,flying
470,Phyllali,Leafeon,plante,,grass,
471,Givrali,Glaceon,glace,,ice,
472,Scorvol,Gliscor,sol,vol,ground,flying
473,Mammochon,Mamoswine,glace,sol,ice,ground
474,Porygon-Z,Porygon-Z,normal,,normal,
475,Gallame,Gallade,psy,combat,psychic,fighting
476,Tarinorme,Probopass,roche,acier,rock,steel
477,Noctunoir,Dusknoir,spectre,,ghost,
478,Momartik,Froslass,glace,spectre,ice,ghost
479,Motisma,Rotom,électrique,spectre,electric,ghost
480,Créhelf,Uxie,psy,,psychic,
481,Créfollet,Mesprit,psy,,psychic,
482,Créfadet,Azelf,psy,,psychic,
483,Dialga,Dialga,acier,dragon,steel,dragon
484,Palkia,Palkia,eau,dragon,water,dragon
485,Heatran,Heatran,feu,acier,fire,steel
486,Regigigas,Regigigas,normal,,normal,
487,Giratina,Giratina,spectre,dragon,ghost,dragon
488,Cresselia,Cresselia,psy,,psychic,
489,Phione,Phione,eau,,water,
490,Manaphy,Manaphy,eau,,water,
491,Darkrai,Darkrai,ténèbres,,dark,
492,Shaymin,Shaymin,plante,plante,grass,grass
493,Arceus,Arceus,normal,,normal,
494,Victini,Victini,psy,feu,psychic,fire
495,Vipélierre,Snivy,plante,,grass,
496,Lianaja,Servine,plante,,grass,
497,Majaspic,Serperior,plante,,grass,
498,Gruikui,Tepig,feu,,fire,
499,Grotichon,Pignite,feu,combat,fire,fighting
500,Roitiflam,Emboar,feu,combat,fire,fighting
501,Moustillon,Oshawott,eau,,water,
502,Mateloutre,Dewott,eau,,water,
503,Clamiral,Samurott,eau,,water,
504,Ratentif,Patrat,normal,,normal,
505,Miradar,Watchog,normal,,normal,
506,Ponchiot,Lillipup,normal,,normal,
507,Ponchien,Herdier,normal,,normal,
508,Mastouffe,Stoutland,normal,,normal,
509,Chacripan,Purrloin,ténèbres,,dark,
510,Léopardus,Liepard,ténèbres,,dark,
511,Feuillajou,Pansage,plante,,grass,
512,Feuiloutan,Simisage,plante,,grass,
513,Flamajou,Pansear,feu,,fire,
514,Flamoutan,Simisear,feu,,fire,
515,Flotajou,Panpour,eau,,water,
516,Flotoutan,Simipour,eau,,water,
517,Munna,Munna,psy,,psychic,
518,Mushana,Musharna,psy,,psychic,
519,Poichigeon,Pidove,normal,vol,normal,flying
520,Colombeau,Tranquill,normal,vol,normal,flying
521,Déflaisan,Unfezant,normal,vol,normal,flying
522,Zébibron,Blitzle,électrique,,electric,
523,Zéblitz,Zebstrika,électrique,,electric,
524,Nodulithe,Roggenrola,roche,,rock,
525,Géolithe,Boldore,roche,,rock,
526,Gigalithe,Gigalith,roche,,rock,
527,Chovsourir,Woobat,psy,vol,psychic,flying
528,Rhinolove,Swoobat,psy,vol,psychic,flying
529,Rototaupe,Drilbur,sol,,ground,
530,Minotaupe,Excadrill,sol,acier,ground,steel
531,Nanméouïe,Audino,normal,,normal,
532,Charpenti,Timburr,combat,,fighting,
533,Ouvrifier,Gurdurr,combat,,fighting,
534,Bétochef,Conkeldurr,combat,,fighting,
535,Tritonde,Tympole,eau,,water,
536,Batracné,Palpitoad,eau,sol,water,ground
537,Crapustule,Seismitoad,eau,sol,water,ground
538,Judokrak,Throh,combat,,fighting,
539,Karaclée,Sawk,combat,,fighting,
540,Larveyette,Sewaddle,insecte,plante,bug,grass
541,Couverdure,Swadloon,insecte,plante,bug,grass
542,Manternel,Leavanny,insecte,plante,bug,grass
543,Venipatte,Venipede,insecte,poison,bug,poison
544,Scobolide,Whirlipede,insecte,poison,bug,poison
545,Brutapode,Scolipede,insecte,poison,bug,poison
546,Doudouvet,Cottonee,plante,fée,grass,fairy
547,Farfaduvet,Whimsicott,plante,fée,grass,fairy
548,Chlorobule,Petilil,plante,,grass,
549,Fragilady,Lilligant,plante,,grass,
550,Bargantua,Basculin,eau,,water,
551,Mascaïman,Sandile,sol,ténèbres,ground,dark
552,Escroco,Krokorok,sol,ténèbres,ground,dark
553,Crocorible,Krookodile,sol,ténèbres,ground,dark
554,Darumarond,Darumaka,feu,,fire,
554,Darumarond de Galar,Galarian Darumaka,glace,,ice,
555,Darumacho,Darmanitan,feu,,fire,
555,Darumacho de Galar,Galarian Darmanitan,glace,,ice,
556,Maracachi,Maractus,plante,,grass,
557,Crabicoque,Dwebble,insecte,roche,bug,rock
558,Crabaraque,Crustle,insecte,roche,bug,rock
559,Baggiguane,Scraggy,ténèbres,combat,dark,fighting
560,Baggaïd,Scrafty,ténèbres,combat,dark,fighting
561,Cryptéro,Sigilyph,psy,vol,psychic,flying
562,Tutafeh,Yamask,spectre,,ghost,
562,Tutafeh de Galar,Galarian Yamask,sol,spectre,ground,ghost
563,Tutankafer,Cofagrigus,spectre,,ghost,
564,Carapagos,Tirtouga,eau,roche,water,rock
565,Mégapagos,Carracosta,eau,roche,water,rock
566,Arkéapti,Archen,roche,vol,rock,flying
567,Aéroptéryx,Archeops,roche,vol,rock,flying
568,Miamiasme,Trubbish,poison,,poison,
569,Miasmax,Garbodor,poison,,poison,
570,Zorua,Zorua,ténèbres,,dark,
571,Zoroark,Zoroark,ténèbres,,dark,
572,Chinchidou,Minccino,normal,,normal,
573,Pashmilla,Cinccino,normal,,normal,
574,Scrutella,Gothita,psy,,psychic,
575,Mesmérella,Gothorita,psy,,psychic,
576,Sidérella,Gothitelle,psy,,psychic,
577,Nucléos,Solosis,psy,,psychic,
578,Méios,Duosion,psy,,psychic,
579,Symbios,Reuniclus,psy,,psychic,
580,Couaneton,Ducklett,eau,vol,water,flying
581,Lakmécygne,Swanna,eau,vol,water,flying
582,Sorbébé,Vanillite,glace,,ice,
583,Sorboul,Vanillish,glace,,ice,
584,Sorbouboul,Vanilluxe,glace,,ice,
585,Vivaldaim,Deerling,normal,plante,normal,grass
586,Haydaim,Sawsbuck,normal,plante,normal,grass
587,Emolga,Emolga,électrique,vol,electric,flying
588,Carabing,Karrablast,insecte,,bug,
589,Lançargot,Escavalier,insecte,acier,bug,steel
590,Trompignon,Foongus,plante,poison,grass,poison
591,Gaulet,Amoonguss,plante,poison,grass,poison
592,Viskuse,Frillish,eau,spectre,water,ghost
593,Moyade,Jellicent,eau,spectre,water,ghost
594,Mamanbo,Alomomola,eau,,water,
595,Statitik,Joltik,insecte,électrique,bug,electric
596,Mygavolt,Galvantula,insecte,électrique,bug,electric
597,Grindur,Ferroseed,plante,acier,grass,steel
598,Noacier,Ferrothorn,plante,acier,grass,steel
599,Tic,Klink,acier,,steel,
600,Clic,Klang,acier,,steel,
601,Cliticlic,Klinklang,acier,,steel,
602,Anchwatt,Tynamo,électrique,,electric,
603,Lampéroie,Eelektrik,électrique,,electric,
604,Ohmassacre,Eelektross,électrique,,electric,
605,Lewsor,Elgyem,psy,,psychic,
606,Neitram,Beheeyem,psy,,psychic,
607,Funécire,Litwick,spectre,feu,ghost,fire
608,Mélancolux,Lampent,spectre,feu,ghost,fire
609,Lugulabre,Chandelure,spectre,feu,ghost,fire
610,Coupenotte,Axew,dragon,,dragon,
611,Incisache,Fraxure,dragon,,dragon,
612,Tranchodon,Haxorus,dragon,,dragon,
613,Polarhume,Cubchoo,glace,,ice,
614,Polagriffe,Beartic,glace,,ice,
615,Hexagel,Cryogonal,glace,,ice,
616,Escargaume,Shelmet,insecte,,bug,
617,Limaspeed,Accelgor,insecte,,bug,
618,Limonde,Stunfisk,sol,électrique,ground,electric
618,Limonde de Galar,Galarian Stunfisk,sol,acier,ground,steel
619,Kungfouine,Mienfoo,combat,,fighting,
620,Shaofouine,Mienshao,combat,,fighting,
621,Drakkarmin,Druddigon,dragon,,dragon,
622,Gringolem,Golett,sol,spectre,ground,ghost
623,Golemastoc,Golurk,sol,spectre,ground,ghost
624,Scalpion,Pawniard,ténèbres,acier,dark,steel
625,Scalproie,Bisharp,ténèbres,acier,dark,steel
626,Frison,Bouffalant,normal,,normal,
627,Furaiglon,Rufflet,normal,vol,normal,flying
628,Gueriaigle,Braviary,normal,vol,normal,flying
629,Vostourno,Vullaby,ténèbres,vol,dark,flying
630,Vaututrice,Mandibuzz,ténèbres,vol,dark,flying
631,Aflamanoir,Heatmor,feu,,fire,
632,Fermite,Durant,insecte,acier,bug,steel
633,Solochi,Deino,ténèbres,dragon,dark,dragon
634,Diamat,Zweilous,ténèbres,dragon,dark,dragon
635,Trioxhydre,Hydreigon,ténèbres,dragon,dark,dragon
636,Pyronille,Larvesta,insecte,feu,bug,fire
637,Pyrax,Volcarona,insecte,feu,bug,fire
638,Cobaltium,Cobalion,acier,combat,steel,fighting
639,Terrakium,Terrakion,roche,combat,rock,fighting
640,Viridium,Virizion,plante,combat,grass,fighting
641,Boréas,Tornadus,vol,,flying,
642,Fulguris,Thundurus,électrique,vol,electric,flying
643,Reshiram,Reshiram,dragon,feu,dragon,fire
644,Zekrom,Zekrom,dragon,électrique,dragon,electric
645,Démétéros,Landorus,sol,vol,ground,flying
646,Kyurem,Kyurem,dragon,glace,dragon,ice
647,Keldeo,Keldeo,eau,combat,water,fighting
648,Meloetta,Meloetta,normal,psy,normal,psychic
649,Genesect,Genesect,insecte,acier,bug,steel
650,Marisson,Chespin,plante,,grass,
651,Boguérisse,Quilladin,plante,,grass,
652,Blindépique,Chesnaught,plante,combat,grass,fighting
653,Feunnec,Fennekin,feu,,fire,
654,Roussil,Braixen,feu,,fire,
655,Goupelin,Delphox,feu,psy,fire,psychic
656,Grenousse,Froakie,eau,,water,
657,Croâporal,Frogadier,eau,,water,
658,Amphinobi,Greninja,eau,ténèbres,water,dark
659,Sapereau,Bunnelby,normal,,normal,
660,Excavarenne,Diggersby,normal,sol,normal,ground
661,Passerouge,Fletchling,normal,vol,normal,flying
662,Braisillon,Fletchinder,feu,vol,fire,flying
663,Flambusard,Talonflame,feu,vol,fire,flying
664,Lépidonille,Scatterbug,insecte,,bug,
665,Pérégrain,Spewpa,insecte,,bug,
666,Prismillon,Vivillon,insecte,vol,bug,flying
667,Hélionceau,Litleo,feu,normal,fire,normal
668,Némélios,Pyroar,feu,normal,fire,normal
669,Flabébé,Flabébé,fée,,fairy,
670,Floette,Floette,fée,,fairy,
671,Florges,Florges,fée,,fairy,
672,Cabriolaine,Skiddo,plante,,grass,
673,Chevroum,Gogoat,plante,,grass,
674,Pandespiègle,Pancham,combat,,fighting,
675,Pandarbare,Pangoro,combat,ténèbres,fighting,dark
676,Couafarel,Furfrou,normal,,normal,
677,Psystigri,Espurr,psy,,psychic,
678,Mistigrix,Meowstic,psy,,psychic,
679,Monorpale,Honedge,acier,spectre,steel,ghost
680,Dimoclès,Doublade,acier,spectre,steel,ghost
681,Exagide,Aegislash,acier,spectre,steel,ghost
682,Fluvetin,Spritzee,fée,,fairy,
683,Cocotine,Aromatisse,fée,,fairy,
684,Sucroquin,Swirlix,fée,,fairy,
685,Cupcanaille,Slurpuff,fée,,fairy,
686,Sepiatop,Inkay,ténèbres,psy,dark,psychic
687,Sepiatroce,Malamar,ténèbres,psy,dark,psychic
688,Opermine,Binacle,roche,eau,rock,water
689,Golgopathe,Barbaracle,roche,eau,rock,water
690,Venalgue,Skrelp,poison,eau,poison,water
691,Kravarech,Dragalge,poison,dragon,poison,dragon
692,Flingouste,Clauncher,eau,,water,
693,Gamblast,Clawitzer,eau,,water,
694,Galvaran,Helioptile,électrique,normal,electric,normal
695,Iguolta,Heliolisk,électrique,normal,electric,normal
696,Ptyranidur,Tyrunt,roche,dragon,rock,dragon
697,Rexillius,Tyrantrum,roche,dragon,rock,dragon
698,Amagara,Amaura,roche,glace,rock,ice
699,Dragmara,Aurorus,roche,glace,rock,ice
700,Nymphali,Sylveon,fée,,fairy,
701,Brutalibré,Hawlucha,combat,vol,fighting,flying
702,Dedenne,Dedenne,électrique,fée,electric,fairy
703,Strassie,Carbink,roche,fée,rock,fairy
704,Mucuscule,Goomy,dragon,,dragon,
705,Colimucus,Sliggoo,dragon,,dragon,
706,Muplodocus,Goodra,dragon,,dragon,
707,Trousselin,Klefki,acier,fée,steel,fairy
708,Brocélôme,Phantump,spectre,plante,ghost,grass
709,Desséliande,Trevenant,spectre,plante,ghost,grass
710,Pitrouille,Pumpkaboo,spectre,plante,ghost,grass
711,Banshitrouye,Gourgeist,spectre,plante,ghost,grass
712,Grelaçon,Bergmite,glace,,ice,
713,Séracrawl,Avalugg,glace,,ice,
714,Sonistrelle,Noibat,vol,dragon,flying,dragon
715,Bruyverne,Noivern,vol,dragon,flying,dragon
716,Xerneas,Xerneas,fée,,fairy,
717,Yveltal,Yveltal,ténèbres,vol,dark,flying
718,Zygarde,Zygarde,dragon,sol,dragon,ground
719,Diancie,Diancie,roche,fée,rock,fairy
720,Hoopa,Hoopa,psy,spectre,psychic,ghost
721,Volcanion,Volcanion,feu,eau,fire,water
722,Brindibou,Rowlet,plante,vol,grass,flying
723,Efflèche,Dartrix,plante,vol,grass,flying
724,Archéduc,Decidueye,plante,spectre,grass,ghost
725,Flamiaou,Litten,feu,,fire,
726,Matoufeu,Torracat,feu,,fire,
727,Félinferno,Incineroar,feu,ténèbres,fire,dark
728,Otaquin,Popplio,eau,,water,
729,Otarlette,Brionne,eau,,water,
730,Oratoria,Primarina,eau,fée,water,fairy
731,Picassaut,Pikipek,normal,vol,normal,flying
732,Piclairon,Trumbeak,normal,vol,normal,flying
733,Bazoucan,Toucannon,normal,vol,normal,flying
734,Manglouton,Yungoos,normal,,normal,
735,Argouste,Gumshoos,normal,,normal,
736,Larvibule,Grubbin,insecte,,bug,
737,Chrysapile,Charjabug,insecte,électrique,bug,electric
738,Lucanon,Vikavolt,insecte,électrique,bug,electric
739,Crabagarre,Crabrawler,combat,,fighting,
740,Crabominable,Crabominable,combat,glace,fighting,ice
741,Plumeline,Oricorio,feu,vol,fire,flying
742,Bombydou,Cutiefly,insecte,fée,bug,fairy
743,Rubombelle,Ribombee,insecte,fée,bug,fairy
744,Rocabot,Rockruff,roche,,rock,
745,Lougaroc,Lycanroc,roche,,rock,
746,Froussardine,Wishiwashi,eau,,water,
747,Vorastérie,Mareanie,poison,eau,poison,water
748,Prédastérie,Toxapex,poison,eau,poison,water
749,Tiboudet,Mudbray,sol,,ground,
750,Bourrinos,Mudsdale,sol,,ground,
751,Araqua,Dewpider,eau,insecte,water,bug
752,Tarenbulle,Araquanid,eau,insecte,water,bug
753,Mimantis,Fomantis,plante,,grass,
754,Floramantis,Lurantis,plante,,grass,
755,Spododo,Morelull,plante,fée,grass,fairy
756,Lampignon,Shiinotic,plante,fée,grass,fairy
757,Tritox,Salandit,poison,feu,poison,fire
758,Malamandre,Salazzle,poison,feu,poison,fire
759,Nounourson,Stufful,normal,combat,normal,fighting
760,Chelours,Bewear,normal,combat,normal,fighting
761,Croquine,Bounsweet,plante,,grass,
762,Candine,Steenee,plante,,grass,
763,Sucreine,Tsareena,plante,,grass,
764,Guérilande,Comfey,fée,,fairy,
765,Gouroutan,Oranguru,normal,psy,normal,psychic
766,Quartermac,Passimian,combat,,fighting,
767,Sovkipou,Wimpod,insecte,eau,bug,water
768,Sarmuraï,Golisopod,insecte,eau,bug,water
769,Bacabouh,Sandygast,spectre,sol,ghost,ground
770,Trépassable,Palossand,spectre,sol,ghost,ground
771,Concombaffe,Pyukumuku,eau,,water,
772,Type:0,Type: Null,normal,,normal,
773,Silvallié,Silvally,normal,,normal,
774,Météno,Minior,roche,vol,rock,flying
775,Dodoala,Komala,normal,,normal,
776,Boumata,Turtonator,feu,dragon,fire,dragon
777,Togedemaru,Togedemaru,électrique,acier,electric,steel
778,Mimiqui,Mimikyu,spectre,fée,ghost,fairy
779,Denticrisse,Bruxish,eau,psy,water,psychic
780,Draïeul,Drampa,normal,dragon,normal,dragon
781,Sinistrail,Dhelmise,spectre,plante,ghost,grass
782,Bébécaille,Jangmo-o,dragon,,dragon,
783,Écaïd,Hakamo-o,dragon,combat,dragon,fighting
784,Ékaïser,Kommo-o,dragon,combat,dragon,fighting
785,Tokorico,Tapu Koko,électrique,fée,electric,fairy
786,Tokopiyon,Tapu Lele,psy,fée,psychic,fairy
787,Tokotoro,Tapu Bulu,plante,fée,grass,fairy
788,Tokopisco,Tapu Fini,eau,fée,water,fairy
789,Cosmog,Cosmog,psy,,psychic,
790,Cosmovum,Cosmoem,psy,,psychic,
791,Solgaleo,Solgaleo,psy,acier,psychic,steel
792,Lunala,Lunala,psy,spectre,psychic,ghost
793,Zéroïd,Nihilego,roche,poison,rock,poison
794,Mouscoto,Buzzwole,insecte,combat,bug,fighting
795,Cancrelove,Pheromosa,insecte,combat,bug,fighting
796,Câblifère,Xurkitree,électrique,,electric,
797,Bamboiselle,Celesteela,acier,vol,steel,flying
798,Katagami,Kartana,plante,acier,grass,steel
799,Engloutyran,Guzzlord,ténèbres,dragon,dark,dragon
800,Necrozma,Necrozma,psy,psy,psychic,psychic
801,Magearna,Magearna,acier,fée,steel,fairy
802,Marshadow,Marshadow,combat,spectre,fighting,ghost
803,Vémini,Poipole,poison,,poison,
804,Mandrillon,Naganadel,poison,dragon,poison,dragon
805,Ama-Ama,Stakataka,roche,acier,rock,steel
806,Pierroteknik,Blacephalon,feu,spectre,fire,ghost
807,Zeraora,Zeraora,électrique,,electric,
808,Meltan,Meltan,acier,,steel,
809,Melmetal,Melmetal,acier,,steel,
810,Ouistempo,Grookey,plante,,grass,
811,Badabouin,Thwackey,plante,,grass,
812,Gorythmic,Rillaboom,plante,,grass,
813,Flambino,Scorbunny,feu,,fire,
814,Lapyro,Raboot,feu,,fire,
815,Pyrobut,Cinderace,feu,,fire,
816,Larméléon,Sobble,eau,,water,
817,Arrozard,Drizzile,eau,,water,
818,Lézargus,Inteleon,eau,,water,
819,Rongourmand,Skwovet,normal,,normal,
820,Rongrigou,Greedent,normal,,normal,
821,Minisange,Rookidee,vol,,flying,
822,Bleuseille,Corvisquire,vol,,flying,
823,Corvaillus,Corviknight,vol,acier,flying,steel
824,Larvadar,Blipbug,insecte,,bug,
825,Coléodôme,Dottler,insecte,psy,bug,psychic
826,Astronelle,Orbeetle,insecte,psy,bug,psychic
827,Goupilou,Nickit,ténèbres,,dark,
828,Roublenard,Thievul,ténèbres,,dark,
829,Tournicoton,Gossifleur,plante,,grass,
830,Blancoton,Eldegoss,plante,,grass,
831,Moumouton,Wooloo,normal,,normal,
832,Moumouflon,Dubwool,normal,,normal,
833,Khélocrok,Chewtle,eau,,water,
834,Torgamord,Drednaw,eau,roche,water,rock
835,Voltoutou,Yamper,électrique,,electric,
836,Fulgudog,Boltund,électrique,,electric,
837,Charbi,Rolycoly,roche,,rock,
838,Wagomine,Carkol,roche,feu,rock,fire
839,Monthracite,Coalossal,roche,feu,rock,fire
840,Verpom,Applin,plante,dragon,grass,dragon
841,Pomdrapi,Flapple,plante,dragon,grass,dragon
842,Dratatin,Appletun,plante,dragon,grass,dragon
843,Dunaja,Silicobra,sol,,ground,
844,Dunaconda,Sandaconda,sol,,ground,
845,Nigosier,Cramorant,vol,eau,flying,water
846,Embrochet,Arrokuda,eau,,water,
847,Hastacuda,Barraskewda,eau,,water,
848,Toxizap,Toxel,électrique,poison,electric,poison
849,Salarsen,Toxtricity,électrique,poison,electric,poison
850,Grillepattes,Sizzlipede,feu,insecte,fire,bug
851,Scolocendre,Centiskorch,feu,insecte,fire,bug
852,Poulpaf,Clobbopus,combat,,fighting,
853,Krakos,Grapploct,combat,,fighting,
854,Théffroi,Sinistea,spectre,,ghost,
855,Polthégeist,Polteageist,spectre,,ghost,
856,Bibichut,Hatenna,psy,,psychic,
857,Chapotus,Hattrem,psy,,psychic,
858,Sorcilence,Hatterene,psy,fée,psychic,fairy
859,Grimalin,Impidimp,ténèbres,fée,dark,fairy
860,Fourbelin,Morgrem,ténèbres,fée,dark,fairy
861,Angoliath,Grimmsnarl,ténèbres,fée,dark,fairy
862,Ixon,Obstagoon,ténèbres,normal,dark,normal
863,Berserkatt,Perrserker,acier,,steel,
864,Corayôme,Cursola,spectre,,ghost,
865,Palarticho,Sirfetch'd,combat,,fighting,
866,M. Glaquette,Mr. Rime,glace,psy,ice,psychic
867,Tutétékri,Runerigus,sol,spectre,ground,ghost
868,Crèmy,Milcery,fée,,fairy,
869,Charmilly,Alcremie,fée,,fairy,
870,Hexadron,Falinks,combat,,fighting,
871,Wattapik,Pincurchin,électrique,,electric,
872,Frissonille,Snom,glace,insecte,ice,bug
873,Beldeneige,Frosmoth,glace,insecte,ice,bug
874,Dolman,Stonjourner,roche,,rock,
875,Bekaglaçon,Eiscue,glace,,ice,
876,Wimessir,Indeedee,psy,normal,psychic,normal
877,Morpeko,Morpeko,électrique,ténèbres,electric,dark
878,Charibari,Cufant,acier,,steel,
879,Pachyradjah,Copperajah,acier,,steel,
880,Galvagon,Dracozolt,électrique,dragon,electric,dragon
881,Galvagla,Arctozolt,électrique,glace,electric,ice
882,Hydragon,Dracovish,eau,dragon,water,dragon
883,Hydragla,Arctovish,eau,glace,water,ice
884,Duralugon,Duraludon,acier,dragon,steel,dragon
885,Fantyrm,Dreepy,dragon,spectre,dragon,ghost
886,Dispareptil,Drakloak,dragon,spectre,dragon,ghost
887,Lanssorien,Dragapult,dragon,spectre,dragon,ghost
888,Zacian,Zacian,fée,fée,fairy,fairy
889,Zamazenta,Zamazenta,combat,combat,fighting,fighting
890,Éthernatos,Eternatus,poison,dragon,poison,dragon
891,Wushours,Kubfu,combat,,fighting,
892,Shifours,Urshifu,combat,ténèbres,fighting,dark
893,Zarude,Zarude,ténèbres,plante,dark,grass
894,Regieleki,Regieleki,électrique,,electric,
895,Regidrago,Regidrago,dragon,,dragon,
896,Blizzeval,Glastrier,glace,,ice,
897,Spectreval,Spectrier,spectre,,ghost,
898,Sylveroy,Calyrex,psy,plante,psychic,grass